-- phpMyAdmin SQL Dump
-- version 5.2.1
-- https://www.phpmyadmin.net/
--
-- Host: localhost:3306
-- Generation Time: Dec 15, 2025 at 07:54 AM
-- Server version: 8.0.30
-- PHP Version: 8.3.8

SET SQL_MODE = "NO_AUTO_VALUE_ON_ZERO";
START TRANSACTION;
SET time_zone = "+00:00";


/*!40101 SET @OLD_CHARACTER_SET_CLIENT=@@CHARACTER_SET_CLIENT */;
/*!40101 SET @OLD_CHARACTER_SET_RESULTS=@@CHARACTER_SET_RESULTS */;
/*!40101 SET @OLD_COLLATION_CONNECTION=@@COLLATION_CONNECTION */;
/*!40101 SET NAMES utf8mb4 */;

--
-- Database: `db_produksi_pershift`
--

-- --------------------------------------------------------

--
-- Table structure for table `info`
--

CREATE TABLE `info` (
  `id` int NOT NULL,
  `judul` varchar(50) NOT NULL,
  `isi` text CHARACTER SET utf8mb4 COLLATE utf8mb4_0900_ai_ci NOT NULL,
  `deskripsi` varchar(50) NOT NULL,
  `file` varchar(50) CHARACTER SET utf8mb4 COLLATE utf8mb4_0900_ai_ci DEFAULT NULL,
  `created_at` datetime NOT NULL DEFAULT CURRENT_TIMESTAMP,
  `updated_at` datetime DEFAULT NULL
) ENGINE=InnoDB DEFAULT CHARSET=utf8mb4 COLLATE=utf8mb4_0900_ai_ci;

-- --------------------------------------------------------

--
-- Table structure for table `input_harian`
--

CREATE TABLE `input_harian` (
  `id` int NOT NULL,
  `line_id` int DEFAULT NULL,
  `shift_id` int DEFAULT NULL,
  `tanggal` date NOT NULL,
  `batch_count` decimal(7,2) DEFAULT NULL,
  `productivity` decimal(7,2) DEFAULT NULL,
  `production_speed` decimal(7,2) DEFAULT NULL,
  `batch_weight` decimal(7,2) DEFAULT NULL,
  `operation_factor` decimal(7,2) DEFAULT NULL,
  `cycle_time` decimal(7,2) DEFAULT NULL,
  `grade_change_sequence` decimal(7,2) DEFAULT NULL,
  `grade_change_time` decimal(7,2) DEFAULT NULL,
  `feed_raw_material` decimal(10,2) DEFAULT NULL,
  `keterangan` text,
  `created_at` timestamp NULL DEFAULT CURRENT_TIMESTAMP,
  `updated_at` timestamp NULL DEFAULT NULL
) ENGINE=InnoDB DEFAULT CHARSET=utf8mb4 COLLATE=utf8mb4_0900_ai_ci;

--
-- Dumping data for table `input_harian`
--

INSERT INTO `input_harian` (`id`, `line_id`, `shift_id`, `tanggal`, `batch_count`, `productivity`, `production_speed`, `batch_weight`, `operation_factor`, `cycle_time`, `grade_change_sequence`, `grade_change_time`, `feed_raw_material`, `keterangan`, `created_at`, `updated_at`) VALUES
(282, 1, 4, '2025-09-01', 239.00, 10.80, 31.50, 133.00, 81.70, 4.20, 44.00, 3.00, 31715.50, NULL, '2025-10-14 04:11:59', NULL),
(283, 1, 4, '2025-09-02', 212.00, 9.50, 29.00, 135.00, 74.90, 4.60, 33.00, 3.00, 28512.09, NULL, '2025-10-14 04:19:04', NULL),
(284, 1, 1, '2025-09-03', 225.00, 10.30, 31.30, 138.00, 78.60, 4.40, 55.00, 3.00, 30910.29, NULL, '2025-10-14 04:24:46', NULL),
(285, 2, 1, '2025-09-01', 146.00, 8.70, 22.70, 132.00, 87.00, 5.80, 26.00, 1.80, 19153.80, NULL, '2025-10-14 04:30:16', NULL),
(286, 2, 1, '2025-09-02', 158.00, 8.80, 22.58, 108.00, 86.30, 4.80, 19.00, 1.60, 16955.98, NULL, '2025-10-14 04:32:11', NULL),
(287, 2, 1, '2025-09-03', 159.00, 9.10, 22.59, 100.00, 89.10, 4.40, 13.00, 1.50, 15903.92, NULL, '2025-10-14 04:35:09', NULL),
(288, 1, 1, '2025-09-04', 242.00, 10.80, 31.50, 134.00, 81.60, 4.30, 42.00, 3.00, 32430.75, NULL, '2025-10-14 04:35:09', NULL),
(289, 1, 1, '2025-09-05', 78.00, 11.40, 34.20, 78.00, 78.90, 4.30, 8.00, 3.00, 11379.56, NULL, '2025-10-14 04:35:09', NULL),
(290, 1, 1, '2025-09-08', 216.00, 9.50, 31.10, 132.00, 70.70, 4.20, 54.00, 2.90, 28466.42, NULL, '2025-10-15 04:35:09', NULL),
(291, 1, 1, '2025-09-09', 256.00, 11.80, 32.50, 139.00, 87.30, 4.30, 36.00, 2.90, 35537.29, NULL, '2025-10-16 04:35:09', NULL),
(292, 1, 1, '2025-09-10', 206.00, 9.20, 29.40, 134.00, 74.80, 4.50, 47.00, 3.00, 27567.32, NULL, '2025-10-17 04:35:09', NULL),
(293, 1, 1, '2025-09-11', 204.00, 9.40, 32.80, 139.00, 68.90, 4.20, 38.00, 3.00, 28339.23, NULL, '2025-10-18 04:35:09', NULL),
(294, 1, 1, '2025-09-12', 193.00, 10.20, 29.50, 159.00, 84.50, 5.40, 15.00, 3.00, 30531.47, NULL, '2025-10-19 04:35:09', NULL),
(295, 1, 1, '2025-09-13', 80.00, 10.20, 30.40, 128.00, 70.40, 4.20, 22.00, 3.00, 10246.56, NULL, '2025-10-20 04:35:09', NULL),
(296, 1, 1, '2025-09-15', 245.00, 11.10, 32.51, 136.00, 78.60, 4.20, 43.00, 3.00, 33294.74, NULL, '2025-10-20 04:35:09', NULL),
(297, 1, 1, '2025-09-16', 247.00, 11.04, 32.28, 134.00, 80.90, 4.20, 55.00, 3.00, 33121.23, NULL, '2025-10-20 04:35:09', NULL),
(298, 1, 1, '2025-09-17', 260.00, 12.44, 34.35, 144.00, 86.70, 4.20, 38.00, 3.00, 37334.82, NULL, '2025-10-20 04:35:09', NULL),
(299, 1, 1, '2025-09-18', 242.00, 11.36, 32.47, 141.00, 82.70, 4.30, 37.00, 2.90, 34088.43, NULL, '2025-10-20 04:35:09', NULL),
(300, 1, 1, '2025-09-19', 238.00, 11.36, 33.11, 143.00, 81.40, 4.30, 36.00, 3.00, 34069.39, NULL, '2025-10-20 04:35:09', NULL),
(301, 1, 1, '2025-09-22', 244.00, 11.40, 33.00, 140.00, 79.00, 4.20, 45.00, 3.00, 34131.68, NULL, '2025-10-21 04:35:09', NULL),
(302, 1, 1, '2025-09-23', 214.00, 10.30, 34.70, 144.00, 72.60, 4.10, 30.00, 2.90, 30776.71, NULL, '2025-10-22 04:35:09', NULL),
(303, 1, 1, '2025-09-24', 191.00, 9.90, 27.20, 156.00, 85.40, 5.70, 22.00, 3.00, 29572.10, NULL, '2025-10-23 04:35:09', NULL),
(304, 1, 1, '2025-09-25', 222.00, 10.20, 30.50, 138.00, 79.00, 4.50, 52.00, 3.00, 30464.99, NULL, '2025-10-24 04:35:09', NULL),
(305, 1, 1, '2025-09-26', 219.00, 9.40, 29.00, 130.00, 76.60, 4.50, 57.00, 3.00, 28288.88, NULL, '2025-10-25 04:35:09', NULL),
(306, 1, 1, '2025-09-29', 235.00, 10.70, 31.60, 138.00, 78.50, 4.30, 42.00, 3.00, 32242.58, NULL, '2025-09-04 04:35:09', NULL),
(307, 1, 1, '2025-09-30', 232.00, 10.60, 31.70, 138.00, 79.90, 4.30, 43.00, 2.90, 31870.47, NULL, '2025-09-05 04:35:09', NULL),
(308, 2, 1, '2025-09-04', 96.00, 7.70, 22.10, 133.00, 77.40, 6.00, 26.00, 2.00, 12732.94, NULL, '2025-09-05 04:35:09', NULL),
(309, 2, 1, '2025-09-05', 118.00, 8.70, 23.30, 134.00, 83.90, 5.70, 24.00, 1.40, 15711.26, NULL, '2025-09-05 04:35:09', NULL),
(310, 2, 1, '2025-09-08', 121.00, 8.39, 22.34, 134.00, 83.49, 6.00, 27.00, 1.40, 16148.71, NULL, '2025-09-06 04:35:09', NULL),
(311, 2, 1, '2025-09-09', 90.00, 8.59, 23.08, 129.00, 82.73, 5.60, 15.00, 1.30, 11609.28, NULL, '2025-09-06 04:35:09', NULL),
(312, 2, 1, '2025-09-10', 119.00, 8.32, 21.26, 132.00, 86.98, 6.20, 25.00, 1.70, 15622.81, NULL, '2025-09-06 04:35:09', NULL),
(313, 2, 1, '2025-09-11', 102.00, 8.33, 22.73, 134.00, 81.41, 5.90, 27.00, 1.70, 13635.49, NULL, '2025-09-06 04:35:09', NULL),
(314, 2, 1, '2025-09-12', 151.00, 8.48, 23.24, 135.00, 81.65, 5.70, 22.00, 1.60, 20262.02, NULL, '2025-09-06 04:35:09', NULL),
(315, 2, 1, '2025-09-15', 150.00, 8.67, 23.34, 135.00, 83.30, 5.70, 33.00, 1.60, 20115.25, NULL, '2025-09-07 04:35:09', NULL),
(316, 2, 1, '2025-09-16', 84.00, 9.37, 23.53, 134.00, 88.50, 5.70, 11.00, 1.50, 11198.21, NULL, '2025-09-07 04:35:09', NULL),
(317, 2, 1, '2025-09-17', 101.00, 8.30, 22.33, 132.00, 82.50, 5.90, 20.00, 1.60, 13309.37, NULL, '2025-09-07 04:35:09', NULL),
(318, 2, 1, '2025-09-18', 146.00, 8.36, 22.23, 132.00, 84.50, 5.90, 35.00, 1.60, 19231.16, NULL, '2025-09-07 04:35:09', NULL),
(319, 2, 1, '2025-09-19', 128.00, 8.80, 23.09, 133.00, 85.88, 5.80, 20.00, 1.30, 16995.88, NULL, '2025-09-07 04:35:09', NULL),
(320, 2, 1, '2025-09-22', 139.00, 7.85, 21.66, 131.00, 81.18, 6.00, 32.00, 1.60, 18125.35, NULL, '2025-09-07 04:35:09', NULL),
(321, 2, 1, '2025-09-23', 106.00, 8.56, 23.42, 135.00, 81.26, 5.70, 22.00, 1.40, 14214.79, NULL, '2025-09-07 04:35:09', NULL),
(322, 2, 1, '2025-09-24', 105.00, 8.20, 21.47, 131.00, 84.88, 6.10, 22.00, 1.40, 13740.52, NULL, '2025-09-07 04:35:09', NULL),
(323, 2, 1, '2025-09-25', 104.00, 7.50, 21.49, 132.00, 77.90, 6.10, 21.00, 2.00, 13624.32, NULL, '2025-09-07 04:35:09', NULL),
(324, 2, 1, '2025-09-26', 124.00, 8.66, 23.48, 134.00, 83.41, 5.70, 23.00, 1.60, 16526.82, NULL, '2025-09-07 04:35:09', NULL),
(325, 2, 1, '2025-09-29', 158.00, 8.28, 22.18, 133.00, 84.90, 6.00, 41.00, 1.60, 20876.02, NULL, '2025-09-07 04:35:09', NULL),
(326, 2, 1, '2025-09-30', 101.00, 9.08, 22.93, 133.00, 88.00, 5.80, 16.00, 1.50, 13412.82, NULL, '2025-09-07 04:35:09', NULL),
(327, 2, 1, '2025-10-03', 130.00, 8.50, 23.21, 133.00, 85.90, 5.70, 25.00, 1.60, 17266.06, NULL, '2025-10-15 04:35:09', NULL),
(328, 2, 1, '2025-10-06', 117.00, 7.78, 22.38, 133.00, 77.20, 5.90, 25.00, 1.60, 15552.75, NULL, '2025-10-15 04:35:09', NULL),
(329, 2, 1, '2025-10-07', 103.00, 8.45, 22.68, 133.00, 82.80, 5.80, 20.00, 1.60, 13630.40, NULL, '2025-10-15 04:35:09', NULL),
(330, 2, 1, '2025-10-08', 128.00, 8.83, 22.84, 133.00, 85.80, 5.80, 25.00, 1.70, 16925.23, NULL, '2025-10-15 04:35:09', NULL),
(331, 2, 1, '2025-10-09', 125.00, 8.60, 22.52, 134.00, 84.90, 5.90, 26.00, 1.50, 16662.75, NULL, '2025-10-15 04:35:09', NULL),
(332, 2, 1, '2025-10-10', 106.00, 7.20, 22.07, 133.00, 80.90, 6.00, 21.00, 1.80, 13990.59, NULL, '2025-10-15 04:35:09', NULL),
(333, 2, 1, '2025-10-13', 143.00, 8.30, 21.81, 133.00, 85.10, 6.10, 29.00, 1.60, 18928.98, NULL, '2025-10-15 04:35:09', NULL),
(334, 1, 1, '2025-10-01', 193.00, 8.49, 29.49, 132.00, 73.10, 4.50, 37.00, 2.90, 25475.58, NULL, '2025-10-15 04:35:09', NULL),
(335, 1, 1, '2025-10-02', 241.00, 10.90, 31.28, 136.00, 82.60, 4.30, 45.00, 2.90, 32654.57, NULL, '2025-10-15 04:35:09', NULL),
(336, 1, 1, '2025-10-03', 236.00, 10.58, 31.20, 135.00, 80.60, 4.30, 38.00, 2.90, 31732.44, NULL, '2025-10-15 04:35:09', NULL),
(337, 1, 1, '2025-10-06', 246.00, 11.15, 32.48, 136.00, 79.10, 4.20, 52.00, 3.00, 33450.91, NULL, '2025-10-15 04:35:09', NULL),
(338, 1, 1, '2025-10-07', 246.00, 11.29, 32.22, 138.00, 83.40, 4.30, 36.00, 3.00, 33861.66, NULL, '2025-10-15 04:35:09', NULL),
(339, 1, 1, '2025-10-08', 207.00, 9.60, 29.75, 139.00, 73.00, 4.70, 38.00, 2.90, 28772.33, NULL, '2025-10-15 04:35:09', NULL),
(340, 1, 1, '2025-10-09', 200.00, 9.90, 28.51, 149.00, 84.60, 5.20, 22.00, 3.00, 29619.72, NULL, '2025-10-15 04:35:09', NULL),
(341, 1, 1, '2025-10-10', 229.00, 11.17, 31.99, 140.00, 86.80, 4.40, 32.00, 2.90, 31958.51, NULL, '2025-10-15 04:35:09', NULL),
(342, 1, 1, '2025-10-13', 214.00, 9.69, 29.49, 136.00, 77.80, 4.60, 54.00, 3.00, 29074.28, NULL, '2025-10-15 04:35:09', NULL),
(343, 1, 1, '2025-10-14', 236.00, 10.91, 30.39, 138.00, 82.90, 4.50, 40.00, 3.00, 32460.46, NULL, '2025-10-16 04:35:09', NULL),
(344, 1, 1, '2025-10-15', 240.00, 10.91, 30.85, 136.00, 84.50, 4.40, 40.00, 3.00, 32705.62, NULL, '2025-10-16 04:35:09', NULL),
(345, 1, 1, '2025-10-16', 227.00, 10.90, 32.28, 139.00, 80.90, 4.30, 40.00, 2.90, 31439.96, NULL, '2025-10-16 04:35:09', NULL),
(346, 1, 1, '2025-10-17', 229.00, 11.00, 32.64, 141.00, 79.10, 4.30, 44.00, 3.00, 32252.36, NULL, '2025-10-16 04:35:09', NULL),
(347, 1, 1, '2025-10-20', 240.00, 11.07, 32.80, 139.00, 78.20, 4.20, 47.00, 2.90, 33197.33, NULL, '2025-10-17 04:35:09', NULL),
(348, 1, 1, '2025-10-21', 228.00, 10.30, 30.88, 136.00, 79.40, 4.40, 39.00, 2.90, 30912.24, NULL, '2025-10-18 04:35:09', NULL),
(349, 1, 1, '2025-10-22', 207.00, 9.77, 31.91, 142.00, 75.10, 4.40, 38.00, 2.90, 29297.51, NULL, '2025-10-19 04:35:09', NULL),
(350, 1, 1, '2025-10-23', 219.00, 10.84, 31.70, 149.00, 84.00, 4.70, 28.00, 2.90, 32524.49, NULL, '2025-10-19 04:35:09', NULL),
(351, 1, 1, '2025-10-24', 239.00, 11.32, 33.62, 142.00, 80.20, 4.20, 45.00, 3.00, 33954.42, NULL, '2025-10-19 04:35:09', NULL),
(352, 2, 1, '2025-10-14', 107.00, 8.84, 23.61, 135.00, 83.20, 5.70, 18.00, 1.50, 14376.83, NULL, '2025-10-20 04:35:09', NULL),
(353, 2, 1, '2025-10-15', 97.00, 7.88, 21.56, 131.00, 81.20, 6.10, 22.00, 1.30, 12678.76, NULL, '2025-10-21 04:35:09', NULL),
(354, 2, 1, '2025-10-16', 116.00, 8.57, 22.06, 133.00, 86.40, 6.00, 28.00, 1.50, 15394.98, NULL, '2025-10-22 04:35:09', NULL),
(355, 2, 1, '2025-10-17', 136.00, 7.72, 21.65, 133.00, 80.90, 6.10, 25.00, 1.20, 17994.51, NULL, '2025-10-22 04:35:09', NULL),
(356, 2, 1, '2025-10-20', 126.00, 8.64, 22.91, 133.00, 83.80, 5.80, 23.00, 1.50, 16726.89, NULL, '2025-10-22 04:35:09', NULL),
(357, 2, 1, '2025-10-21', 111.00, 8.48, 22.75, 134.00, 82.80, 5.90, 23.00, 1.50, 14810.84, NULL, '2025-10-22 04:35:09', NULL),
(358, 2, 1, '2025-10-22', 108.00, 7.14, 21.48, 129.00, 73.90, 6.00, 20.00, 1.50, 13835.68, NULL, '2025-10-22 04:35:09', NULL),
(359, 2, 1, '2025-10-23', 98.00, 7.99, 22.14, 132.00, 80.20, 6.00, 27.00, 1.90, 12930.40, NULL, '2025-10-23 04:35:09', NULL),
(360, 2, 1, '2025-10-24', 123.00, 8.50, 22.57, 134.00, 85.50, 5.90, 25.00, 1.50, 16387.84, NULL, '2025-10-24 04:35:09', NULL),
(361, 2, 1, '2025-08-01', 156.00, 8.46, 22.25, 132.00, 85.70, 5.90, 34.00, 1.40, 20474.36, NULL, '2025-08-07 04:35:09', NULL),
(362, 2, 1, '2025-08-04', 139.00, 8.43, 22.24, 135.00, 84.91, 6.10, 25.00, 1.50, 18766.52, NULL, '2025-08-07 04:35:09', NULL),
(363, 2, 1, '2025-08-05', 110.00, 8.43, 22.19, 132.00, 84.40, 5.90, 21.00, 1.40, 14513.59, NULL, '2025-08-07 04:35:09', NULL),
(364, 2, 1, '2025-08-06', 110.00, 7.86, 20.70, 129.00, 84.40, 6.20, 34.00, 1.60, 14155.82, NULL, '2025-08-07 04:35:09', NULL),
(365, 2, 1, '2025-08-07', 131.00, 7.96, 22.28, 133.00, 80.50, 5.90, 33.00, 1.50, 17330.72, NULL, '2025-08-07 04:35:09', NULL),
(366, 2, 1, '2025-08-08', 117.00, 8.56, 23.05, 133.00, 83.90, 5.80, 23.00, 1.40, 15536.75, NULL, '2025-08-07 04:35:09', NULL),
(367, 2, 1, '2025-08-11', 117.00, 8.11, 22.22, 134.00, 81.20, 6.00, 24.00, 1.60, 15597.17, NULL, '2025-08-07 04:35:09', NULL),
(368, 2, 1, '2025-08-12', 121.00, 8.44, 21.73, 133.00, 86.30, 6.10, 23.00, 1.50, 16060.95, NULL, '2025-08-07 04:35:09', NULL),
(369, 2, 1, '2025-08-13', 111.00, 8.40, 22.27, 132.00, 83.80, 5.90, 22.00, 1.90, 14654.28, NULL, '2025-08-07 04:35:09', NULL),
(370, 2, 1, '2025-08-14', 132.00, 8.60, 22.80, 134.00, 83.10, 5.90, 32.00, 1.60, 17671.70, NULL, '2025-08-07 04:35:09', NULL),
(371, 2, 1, '2025-08-15', 143.00, 8.61, 23.31, 134.00, 84.40, 5.70, 22.00, 1.80, 19115.57, NULL, '2025-08-07 04:35:09', NULL),
(372, 2, 1, '2025-08-18', 138.00, 7.96, 22.01, 133.00, 81.30, 6.00, 28.00, 1.70, 18309.68, NULL, '2025-08-08 04:35:09', NULL),
(373, 2, 1, '2025-08-19', 102.00, 8.80, 21.94, 129.00, 88.70, 5.90, 16.00, 1.30, 13098.36, NULL, '2025-08-09 04:35:09', NULL),
(374, 2, 1, '2025-08-20', 103.00, 7.70, 21.66, 132.00, 79.47, 6.10, 23.00, 1.40, 13583.50, NULL, '2025-08-10 04:35:09', NULL),
(375, 2, 1, '2025-08-21', 117.00, 7.94, 22.19, 131.00, 79.60, 5.90, 26.00, 1.60, 15286.86, NULL, '2025-08-11 04:35:09', NULL),
(376, 2, 1, '2025-08-22', 116.00, 8.59, 22.74, 134.00, 85.40, 5.90, 24.00, 1.20, 15509.27, NULL, '2025-08-12 04:35:09', NULL),
(377, 2, 1, '2025-08-25', 121.00, 8.40, 22.98, 135.00, 81.30, 5.90, 24.00, 1.70, 16296.12, NULL, '2025-08-13 04:35:09', NULL),
(378, 2, 1, '2025-08-26', 107.00, 8.85, 22.87, 134.00, 85.99, 5.90, 16.00, 1.60, 14314.71, NULL, '2025-08-14 04:35:09', NULL),
(379, 2, 1, '2025-08-27', 103.00, 7.22, 20.36, 128.00, 79.31, 6.30, 29.00, 1.50, 13111.32, NULL, '2025-08-15 04:35:09', NULL),
(380, 2, 1, '2025-08-28', 106.00, 7.98, 22.16, 132.00, 82.55, 5.90, 29.00, 1.40, 13915.56, NULL, '2025-08-16 04:35:09', NULL),
(381, 2, 1, '2025-08-29', 117.00, 7.70, 21.42, 134.00, 80.60, 6.20, 27.00, 1.40, 15659.68, NULL, '2025-08-17 04:35:09', NULL),
(382, 1, 1, '2025-08-01', 225.00, 11.10, 32.89, 137.00, 80.70, 4.10, 34.00, 2.90, 30689.43, NULL, '2025-08-07 04:35:09', NULL),
(383, 1, 1, '2025-08-04', 254.00, 12.40, 35.41, 146.00, 80.60, 4.10, 37.00, 3.00, 37105.80, NULL, '2025-08-07 04:35:09', NULL),
(384, 1, 1, '2025-08-05', 195.00, 8.09, 27.93, 125.00, 67.20, 4.50, 43.00, 3.00, 24273.27, NULL, '2025-08-07 04:35:09', NULL),
(385, 1, 1, '2025-08-06', 245.00, 11.50, 33.79, 142.00, 82.80, 4.20, 38.00, 3.00, 34632.79, NULL, '2025-08-07 04:35:09', NULL),
(386, 1, 1, '2025-08-07', 219.00, 9.70, 31.01, 134.00, 75.20, 4.30, 47.00, 3.00, 29184.59, NULL, '2025-08-07 04:35:09', NULL),
(387, 1, 1, '2025-08-08', 223.00, 9.89, 31.72, 134.00, 74.30, 4.20, 54.00, 3.00, 29658.46, NULL, '2025-08-07 04:35:09', NULL),
(388, 1, 1, '2025-08-11', 257.00, 12.15, 33.64, 142.00, 83.70, 4.20, 35.00, 2.90, 36463.38, NULL, '2025-08-08 04:35:09', NULL),
(389, 1, 1, '2025-08-12', 245.00, 11.25, 32.73, 138.00, 80.60, 4.20, 41.00, 3.00, 33749.47, NULL, '2025-08-09 04:35:09', NULL),
(390, 1, 1, '2025-08-13', 223.00, 10.11, 31.13, 136.00, 77.60, 4.40, 37.00, 2.90, 30319.19, NULL, '2025-08-10 04:35:09', NULL),
(391, 1, 1, '2025-08-14', 204.00, 9.03, 31.30, 133.00, 66.60, 4.20, 45.00, 3.00, 27101.50, NULL, '2025-08-11 04:35:09', NULL),
(392, 1, 1, '2025-08-15', 192.00, 9.51, 28.21, 149.00, 80.20, 5.30, 26.00, 3.00, 28520.03, NULL, '2025-08-12 04:35:09', NULL),
(393, 1, 1, '2025-08-18', 259.00, 12.10, 33.35, 140.00, 81.00, 4.20, 36.00, 2.90, 36313.62, NULL, '2025-08-31 04:35:09', NULL),
(394, 1, 1, '2025-08-19', 249.00, 11.64, 33.77, 141.00, 82.80, 4.20, 39.00, 2.90, 34918.41, NULL, '2025-08-31 04:35:09', NULL),
(395, 1, 1, '2025-08-20', 168.00, 8.00, 33.00, 144.00, 78.30, 4.30, 23.00, 3.00, 24089.65, NULL, '2025-08-31 04:35:09', NULL),
(396, 1, 1, '2025-08-21', 178.00, 11.69, 33.34, 139.00, 81.90, 4.20, 32.00, 3.00, 24741.40, NULL, '2025-08-31 04:35:09', NULL),
(397, 1, 1, '2025-08-22', 216.00, 9.98, 30.78, 139.00, 79.80, 4.50, 48.00, 3.00, 29948.77, NULL, '2025-08-31 04:35:09', NULL),
(398, 1, 1, '2025-08-25', 222.00, 10.10, 31.50, 137.00, 74.80, 4.30, 28.00, 2.90, 30303.56, NULL, '2025-08-31 04:35:09', NULL),
(399, 1, 1, '2025-08-26', 127.00, 8.18, 25.35, 167.00, 74.60, 6.50, 4.00, 3.00, 21086.57, NULL, '2025-08-31 04:35:09', NULL),
(400, 1, 1, '2025-08-27', 200.00, 8.90, 29.63, 134.00, 70.40, 4.50, 56.00, 2.90, 26698.46, NULL, '2025-08-31 04:35:09', NULL),
(401, 1, 1, '2025-08-28', 220.00, 10.08, 30.92, 138.00, 77.50, 4.40, 45.00, 3.00, 30237.68, NULL, '2025-08-31 04:35:09', NULL),
(402, 1, 1, '2025-08-29', 219.00, 10.43, 31.07, 143.00, 81.00, 4.60, 31.00, 2.90, 31284.21, NULL, '2025-08-31 04:35:09', NULL),
(403, 1, 1, '2025-08-30', 161.00, 10.71, 32.45, 133.00, 77.30, 4.10, 29.00, 2.90, 21417.08, NULL, '2025-08-31 04:35:09', NULL),
(404, 1, 1, '2025-11-03', 235.00, 10.80, 32.23, 135.00, 80.10, 4.20, 48.00, 2.90, 31652.59, NULL, '2025-11-04 04:45:22', NULL),
(405, 1, 1, '2025-10-27', 238.00, 10.90, 30.70, 137.00, 82.10, 4.50, 37.00, 3.00, 32594.00, NULL, '2025-11-04 04:54:17', NULL),
(406, 1, 1, '2025-10-28', 248.00, 11.10, 31.80, 134.00, 83.50, 4.20, 44.00, 2.90, 33238.00, NULL, '2025-11-04 04:57:33', NULL),
(407, 1, 1, '2025-10-29', 217.00, 9.90, 30.20, 138.00, 78.40, 4.50, 46.00, 2.90, 29775.00, NULL, '2025-11-04 05:02:10', NULL),
(408, 1, 1, '2025-10-30', 224.00, 10.30, 31.40, 138.00, 77.50, 4.40, 42.00, 3.00, 30772.00, NULL, '2025-11-04 05:03:28', NULL),
(409, 1, 1, '2025-10-31', 216.00, 9.60, 30.90, 134.00, 76.20, 4.30, 37.00, 3.00, 29859.00, NULL, '2025-11-04 05:04:36', NULL),
(410, 1, 1, '2025-11-05', 219.00, 10.10, 31.40, 138.00, 76.63, 4.40, 42.00, 3.00, 30189.00, NULL, '2025-11-06 03:04:11', NULL),
(411, 1, 1, '2025-11-04', 219.00, 10.60, 30.53, 137.00, 78.40, 4.50, 44.00, 3.00, 29949.76, NULL, '2025-11-06 03:13:19', NULL),
(412, 1, 1, '2025-11-06', 194.00, 9.50, 26.90, 147.00, 84.10, 5.50, 34.00, 2.90, 28514.00, NULL, '2025-11-13 06:33:32', NULL),
(413, 1, 1, '2025-11-07', 229.00, 10.20, 30.60, 134.00, 78.90, 4.40, 47.00, 3.00, 30550.00, NULL, '2025-11-13 06:34:48', NULL),
(414, 1, 1, '2025-11-10', 222.00, 10.30, 31.20, 140.00, 76.30, 4.50, 38.00, 2.90, 30929.00, NULL, '2025-11-13 06:35:48', NULL),
(415, 1, 1, '2025-11-12', 231.00, 10.10, 30.30, 132.00, 80.10, 4.40, 52.00, 3.00, 30388.00, NULL, '2025-11-13 07:15:39', NULL),
(416, 1, 1, '2025-11-11', 222.00, 10.60, 30.70, 135.00, 82.10, 4.40, 37.00, 3.00, 31771.00, NULL, '2025-11-13 09:18:18', NULL),
(417, 1, 1, '2025-12-12', 1.00, 2.00, 3.00, 4.00, 5.00, 6.00, 7.00, 8.00, 9.00, '', '2025-12-12 03:00:29', '2025-12-12 03:09:55'),
(418, 1, 2, '2025-12-12', 1.00, 2.00, 3.00, 4.00, 5.00, 6.00, 7.00, 8.00, 9.00, '', '2025-12-12 03:00:48', NULL),
(419, 1, 3, '2025-12-12', 1.00, 9.00, 2.00, 8.00, 3.00, 7.00, 4.00, 6.00, 5.00, '', '2025-12-12 03:02:57', NULL),
(420, 2, 3, '2025-12-12', 8.00, 8.00, 8.00, 8.00, 8.00, 8.00, 8.00, 8.00, 8.00, '8', '2025-12-12 03:10:30', NULL),
(421, 2, 2, '2025-12-12', 9.00, 9.00, 9.00, 9.00, 9.00, 9.00, 9.00, 9.00, 9.00, '', '2025-12-12 03:10:42', NULL),
(422, 2, 1, '2025-12-12', 1.00, 1.00, 1.00, 1.00, 1.00, 1.00, 1.00, 1.00, 1.00, '', '2025-12-12 03:10:49', NULL),
(423, 1, 1, '2025-12-11', 1.00, 1.00, 1.00, 1.00, 1.00, 1.00, 1.00, 1.00, 1.00, '', '2025-12-12 03:47:18', NULL),
(424, 1, 2, '2025-12-11', 2.00, 2.00, 2.00, 2.00, 2.00, 2.00, 2.00, 2.00, 2.00, '2', '2025-12-12 03:47:32', NULL),
(425, 1, 2, '2025-12-15', 123.00, 1231.00, 12.00, 11.00, 99.00, 99.00, 99.00, 99.00, 9.00, '', '2025-12-15 07:46:54', NULL),
(426, 1, 4, '2025-12-14', 99.00, 99.00, 99.00, 99.00, 99.00, 99.00, 99.00, 99.00, 99.00, '9', '2025-12-15 07:52:04', NULL),
(427, 1, 3, '2025-12-13', 99.00, 99.00, 99.00, 99.00, 99.00, 99.00, 99.00, 99.00, 99.00, '', '2025-12-15 07:52:25', NULL),
(428, 1, 1, '2025-12-13', 1.00, 1.00, 1.00, 1.00, 1.00, 1.00, 1.00, 1.00, 1.00, '1', '2025-12-15 07:52:41', NULL);

-- --------------------------------------------------------

--
-- Table structure for table `line_produksi`
--

CREATE TABLE `line_produksi` (
  `id` int NOT NULL,
  `kode_line` varchar(10) NOT NULL,
  `nama_line` varchar(100) DEFAULT NULL,
  `dibuat_pada` timestamp NULL DEFAULT CURRENT_TIMESTAMP
) ENGINE=InnoDB DEFAULT CHARSET=utf8mb4 COLLATE=utf8mb4_0900_ai_ci;

--
-- Dumping data for table `line_produksi`
--

INSERT INTO `line_produksi` (`id`, `kode_line`, `nama_line`, `dibuat_pada`) VALUES
(1, '01', 'Line A', '2025-11-24 03:56:23'),
(2, '02', 'Line B', '2025-11-24 03:56:23');

-- --------------------------------------------------------

--
-- Table structure for table `master_shift`
--

CREATE TABLE `master_shift` (
  `id` int NOT NULL,
  `kode_shift` varchar(10) NOT NULL,
  `nama_shift` varchar(50) NOT NULL,
  `jam_mulai` time NOT NULL,
  `jam_selesai` time NOT NULL,
  `dibuat_pada` timestamp NULL DEFAULT CURRENT_TIMESTAMP
) ENGINE=InnoDB DEFAULT CHARSET=utf8mb4 COLLATE=utf8mb4_0900_ai_ci;

--
-- Dumping data for table `master_shift`
--

INSERT INTO `master_shift` (`id`, `kode_shift`, `nama_shift`, `jam_mulai`, `jam_selesai`, `dibuat_pada`) VALUES
(1, 'S1', 'Shift 1', '07:00:00', '15:00:00', '2025-11-17 03:13:36'),
(2, 'S2', 'Shift 2', '15:00:00', '23:00:00', '2025-11-17 03:13:36'),
(3, 'S3', 'Shift 3', '23:00:00', '07:00:00', '2025-11-17 03:13:36'),
(4, 'S4', 'SEMUA_SHIFT', '00:00:00', '00:00:00', '2025-12-15 07:50:57');

-- --------------------------------------------------------

--
-- Table structure for table `target`
--

CREATE TABLE `target` (
  `id` int NOT NULL,
  `tahun_target` int NOT NULL,
  `line_id` int DEFAULT NULL,
  `target_batch_count` decimal(10,2) DEFAULT NULL,
  `target_productivity` decimal(10,2) DEFAULT NULL,
  `target_production_speed` decimal(10,2) DEFAULT NULL,
  `target_batch_weight` decimal(10,2) DEFAULT NULL,
  `target_operation_factor` decimal(5,2) DEFAULT NULL,
  `target_cycle_time` decimal(10,2) DEFAULT NULL,
  `target_grade_change_sequence` decimal(10,2) DEFAULT NULL,
  `target_grade_change_time` decimal(10,2) DEFAULT NULL,
  `target_feed_raw_material` decimal(12,2) DEFAULT NULL,
  `created_at` timestamp NULL DEFAULT CURRENT_TIMESTAMP,
  `updated_at` timestamp NULL DEFAULT NULL
) ENGINE=InnoDB DEFAULT CHARSET=utf8mb4 COLLATE=utf8mb4_0900_ai_ci;

--
-- Dumping data for table `target`
--

INSERT INTO `target` (`id`, `tahun_target`, `line_id`, `target_batch_count`, `target_productivity`, `target_production_speed`, `target_batch_weight`, `target_operation_factor`, `target_cycle_time`, `target_grade_change_sequence`, `target_grade_change_time`, `target_feed_raw_material`, `created_at`, `updated_at`) VALUES
(62, 2025, 1, 243.00, 11.30, 32.70, 140.00, 82.50, 4.28, 0.00, 3.10, 0.00, '2025-11-24 04:01:18', NULL),
(63, 2025, 2, 116.00, 8.30, 22.30, 134.00, 22.30, 6.00, 24.30, 2.00, 0.00, '2025-11-24 04:02:07', NULL);

--
-- Indexes for dumped tables
--

--
-- Indexes for table `info`
--
ALTER TABLE `info`
  ADD PRIMARY KEY (`id`);

--
-- Indexes for table `input_harian`
--
ALTER TABLE `input_harian`
  ADD PRIMARY KEY (`id`),
  ADD UNIQUE KEY `unique_tanggal_line_shift` (`tanggal`,`line_id`,`shift_id`),
  ADD KEY `line_id` (`line_id`),
  ADD KEY `idx_tanggal` (`tanggal`),
  ADD KEY `idx_tanggal_line` (`tanggal`,`line_id`),
  ADD KEY `input_harian_ibfk_shift` (`shift_id`);

--
-- Indexes for table `line_produksi`
--
ALTER TABLE `line_produksi`
  ADD PRIMARY KEY (`id`),
  ADD UNIQUE KEY `kode_line` (`kode_line`);

--
-- Indexes for table `master_shift`
--
ALTER TABLE `master_shift`
  ADD PRIMARY KEY (`id`);

--
-- Indexes for table `target`
--
ALTER TABLE `target`
  ADD PRIMARY KEY (`id`),
  ADD UNIQUE KEY `unique_tahun_line` (`tahun_target`,`line_id`),
  ADD KEY `line_id` (`line_id`);

--
-- AUTO_INCREMENT for dumped tables
--

--
-- AUTO_INCREMENT for table `info`
--
ALTER TABLE `info`
  MODIFY `id` int NOT NULL AUTO_INCREMENT, AUTO_INCREMENT=23;

--
-- AUTO_INCREMENT for table `input_harian`
--
ALTER TABLE `input_harian`
  MODIFY `id` int NOT NULL AUTO_INCREMENT, AUTO_INCREMENT=429;

--
-- AUTO_INCREMENT for table `line_produksi`
--
ALTER TABLE `line_produksi`
  MODIFY `id` int NOT NULL AUTO_INCREMENT, AUTO_INCREMENT=18;

--
-- AUTO_INCREMENT for table `target`
--
ALTER TABLE `target`
  MODIFY `id` int NOT NULL AUTO_INCREMENT, AUTO_INCREMENT=65;

--
-- Constraints for dumped tables
--

--
-- Constraints for table `input_harian`
--
ALTER TABLE `input_harian`
  ADD CONSTRAINT `input_harian_ibfk_2` FOREIGN KEY (`line_id`) REFERENCES `line_produksi` (`id`) ON DELETE CASCADE ON UPDATE CASCADE,
  ADD CONSTRAINT `input_harian_ibfk_shift` FOREIGN KEY (`shift_id`) REFERENCES `master_shift` (`id`) ON DELETE SET NULL ON UPDATE CASCADE;

--
-- Constraints for table `target`
--
ALTER TABLE `target`
  ADD CONSTRAINT `target_ibfk_2` FOREIGN KEY (`line_id`) REFERENCES `line_produksi` (`id`) ON DELETE CASCADE ON UPDATE CASCADE;
COMMIT;

/*!40101 SET CHARACTER_SET_CLIENT=@OLD_CHARACTER_SET_CLIENT */;
/*!40101 SET CHARACTER_SET_RESULTS=@OLD_CHARACTER_SET_RESULTS */;
/*!40101 SET COLLATION_CONNECTION=@OLD_COLLATION_CONNECTION */;
